task,config,queries,dense,dense_pc1,sae_mean,sae_idf
HOLLight,L10_w131k,317,0.3351,0.3298,0.4335,0.8668
HOLLight,L15_w131k,317,0.4582,0.4345,0.5244,0.88
HOLLight,L20_w131k,317,0.5407,0.5303,0.4933,0.8996
HOLLight,L20_w131k_l0_11,317,0.5407,0.5303,0.403,0.8942
HOLLight,L20_w131k_l0_19,317,0.5407,0.5303,0.3135,0.8927
HOLLight,L20_w131k_l0_221,317,0.5407,0.5303,0.5006,0.8964
HOLLight,L20_w131k_l0_276,317,0.5407,0.5303,0.4866,0.8971
HOLLight,L20_w131k_l0_34,317,0.5407,0.5303,0.4227,0.9041
HOLLight,L20_w131k_l0_53,317,0.5407,0.5303,0.4616,0.9056
HOLLight,L20_w131k_l0_62,317,0.5407,0.5303,0.5166,0.9038
HOLLight,L20_w16k,317,0.5407,0.5303,0.5208,0.8196
HOLLight,L20_w1m,317,0.5407,0.5303,0.4548,0.931
HOLLight,L20_w32k,317,0.5407,0.5303,0.5034,0.8622
HOLLight,L20_w524k,317,0.5407,0.5303,0.4618,0.9272
HOLLight,L20_w65k,317,0.5407,0.5303,0.4166,0.8902
HOLLight,L25_w131k,317,0.4393,0.5532,0.2803,0.8817
HOLLight,L30_w131k,317,0.214,0.2478,0.1441,0.7388
HOLLight,L31_w131k,317,0.2102,0.2087,0.1217,0.7572
HOLLight,L35_w131k,317,0.2246,0.2037,0.1146,0.7159
HOLLight,L40_w131k,317,0.173,0.1389,0.0797,0.4642
HOLLight,L5_w131k,317,0.2478,0.224,0.1769,0.8003
HOLLight,L9_w131k,317,0.3172,0.3201,0.3482,0.8397
HOLLight,g2b_L12_w16k,317,0.4622,0.4873,0.4919,0.8002
HOLLight,g2b_L12_w262k,317,0.4622,0.4873,0.4906,0.8717
HOLLight,g2b_L12_w65k,317,0.4622,0.4873,0.5752,0.8619
Metamath,L10_w131k,482,0.2122,0.1752,0.1299,0.4511
Metamath,L15_w131k,482,0.2332,0.1729,0.1002,0.727
Metamath,L20_w131k,482,0.2075,0.1488,0.0924,0.6672
Metamath,L20_w131k_l0_11,482,0.2075,0.1488,0.0463,0.6758
Metamath,L20_w131k_l0_19,482,0.2075,0.1488,0.0563,0.6698
Metamath,L20_w131k_l0_221,482,0.2075,0.1488,0.1093,0.6246
Metamath,L20_w131k_l0_276,482,0.2075,0.1488,0.1161,0.639
Metamath,L20_w131k_l0_34,482,0.2075,0.1488,0.0568,0.7003
Metamath,L20_w131k_l0_53,482,0.2075,0.1488,0.0802,0.7082
Metamath,L20_w131k_l0_62,482,0.2075,0.1488,0.0838,0.7196
Metamath,L20_w16k,482,0.2075,0.1488,0.1192,0.6248
Metamath,L20_w1m,482,0.2075,0.1488,0.0766,0.6592
Metamath,L20_w32k,482,0.2075,0.1488,0.109,0.6081
Metamath,L20_w524k,482,0.2075,0.1488,0.0605,0.6981
Metamath,L20_w65k,482,0.2075,0.1488,0.0857,0.7064
Metamath,L25_w131k,482,0.1795,0.1448,0.112,0.6225
Metamath,L30_w131k,482,0.1235,0.0895,0.0877,0.6925
Metamath,L31_w131k,482,0.1209,0.0765,0.077,0.7026
Metamath,L35_w131k,482,0.0996,0.0756,0.078,0.5944
Metamath,L40_w131k,482,0.0775,0.0493,0.0386,0.3011
Metamath,L5_w131k,482,0.1376,0.1593,0.0684,0.512
Metamath,L9_w131k,482,0.1901,0.1722,0.1402,0.5827
Metamath,g2b_L12_w16k,482,0.2569,0.2383,0.2364,0.6513
Metamath,g2b_L12_w262k,482,0.2569,0.2383,0.1564,0.4519
Metamath,g2b_L12_w65k,482,0.2569,0.2383,0.1219,0.5229
HOLLight,L20_w16k_l0_58,317,0.5412,0.5308,0.4899,0.8168
HOLLight,L20_w262k_l0_50,317,0.5412,0.5308,0.4415,0.9116
HOLLight,L20_w1m_l0_57,317,0.5412,0.5308,0.4365,0.9348
Metamath,L20_w16k_l0_58,482,0.2086,0.151,0.1136,0.6212
Metamath,L20_w262k_l0_50,482,0.2086,0.151,0.0626,0.6836
Metamath,L20_w1m_l0_57,482,0.2086,0.151,0.0588,0.6681
HOLLight,llama_L8_w131k,317,0.5019,0.5874,0.4361,0.7432
HOLLight,llama_L12_w131k,317,0.5095,0.6144,0.4514,0.815
HOLLight,llama_L15_w131k,317,0.6033,0.6991,0.6106,0.9063
HOLLight,llama_L20_w131k,317,0.3043,0.2901,0.2087,0.6665
HOLLight,llama_L24_w131k,317,0.2912,0.2674,0.274,0.7514
HOLLight,llama_L15_w32k,317,0.6033,0.6991,0.5832,0.8449
Metamath,llama_L8_w131k,482,0.5001,0.5159,0.567,0.6742
Metamath,llama_L12_w131k,482,0.6299,0.6239,0.5815,0.7111
Metamath,llama_L15_w131k,482,0.6463,0.6373,0.6754,0.7872
Metamath,llama_L20_w131k,482,0.2694,0.3427,0.3687,0.7194
Metamath,llama_L24_w131k,482,0.1237,0.2734,0.2021,0.6609
Metamath,llama_L15_w32k,482,0.6463,0.6373,0.6265,0.7406
HOLLight,g27b_L10_w131k,317,0.3192,0.288,0.282,0.8429
HOLLight,g27b_L22_w131k,317,0.4083,0.3283,0.2821,0.9386
HOLLight,g27b_L34_w131k,317,0.4072,0.4907,0.1542,0.5839
HOLLight,g27b_L22_w131k_l0_48,317,0.4083,0.3283,0.2805,0.9169
HOLLight,g27b_L22_w131k_l0_150,317,0.4083,0.3283,0.28,0.9245
Metamath,g27b_L10_w131k,482,0.0774,0.1135,0.0576,0.4054
Metamath,g27b_L22_w131k,482,0.1994,0.097,0.1389,0.7375
Metamath,g27b_L34_w131k,482,0.1453,0.1261,0.0834,0.5973
Metamath,g27b_L22_w131k_l0_48,482,0.1994,0.097,0.1258,0.7311
Metamath,g27b_L22_w131k_l0_150,482,0.1994,0.097,0.1723,0.7094
