task,metric,dense,pc1,pc36,zscore,zca,dense_idf,dense_topk_idf,sae_idf
Lean 4 $\to$ Isabelle,MRR,0.9123,0.9265,0.9281,0.9418,0.9456,0.9419,0.9136,0.9607
Lean 4 $\to$ Metamath,MRR,0.2097,0.1512,0.4008,0.2572,0.4649,0.2513,0.2349,0.6612
Lean 4 $\to$ HOL Light,MRR,0.5388,0.5312,0.7279,0.7065,0.7858,0.7062,0.6054,0.898
"XLCoST, 7 languages",MRR,0.4536571428571428,0.4523857142857143,0.46144285714285715,0.4556142857142857,0.4450714285714286,0.4555285714285714,0.4522,0.4643999999999999
"XLCoST, 7 languages",P@6,0.6795428571428571,0.6783000000000001,0.7090857142857143,0.7087571428571428,0.5986285714285715,0.7086142857142858,0.7051142857142858,0.7324857142857143
Valentine columns,F1,0.5326,0.5338,0.4684,0.4595,0.4105,0.3994,0.2082,0.6141
Valentine columns,MRR,0.7661,0.7607,0.5478,0.5292,0.5035,0.4849,0.3905,0.856
NELL $\to$ DBpedia,MRR,0.9307266875198332,0.957341151527198,0.973062015503876,0.9229635781961364,0.9890768146582101,0.9228704395473061,0.9245153493317508,0.9756041951664386
YAGO $\to$ Wikidata,MRR,0.8596274255030958,0.9316479980388417,0.9566265097254008,0.8139668024541574,0.9642920551880736,0.8119683454522865,0.8465009419711504,0.9617516482648063
MultiFarm zh $\to$ en,MRR,0.6496531393000071,0.7598689200392063,0.2497978281577149,0.7135193309378449,0.13589962436514819,0.7099407722760632,0.5818336036683429,0.7535072585360411
MultiFarm ru $\to$ en,MRR,0.6440662662102332,0.7505683156117257,0.25892484159396467,0.7126808992592866,0.15587249843562664,0.7099938337989715,0.5823204100691894,0.7646999237216785
MultiFarm ar $\to$ en,MRR,0.5950757050427814,0.7024576626994506,0.24004467440512556,0.6509363976423101,0.1696238322503972,0.6443527788201787,0.545180320860701,0.7219138727478486
