task,metric,strings,gemma_dense,gemma_idf,emb,emb_centered,emb_pc1
Lean 4 $\to$ Isabelle,MRR,0.8246411487234546,0.9123,0.9607,0.9562,0.9537,0.9319
Lean 4 $\to$ Metamath,MRR,0.6148633680687239,0.2097,0.6612,0.8192,0.5911,0.5825
Lean 4 $\to$ HOL Light,MRR,0.7407542049915433,0.5388,0.898,0.9666,0.9666,0.967
"XLCoST, 7 languages",MRR,0.4680142857142857,0.4536571428571428,0.4643999999999999,0.43758571428571436,0.4366285714285714,0.45092857142857135
"XLCoST, 7 languages",P@6,0.7446428571428572,0.6795428571428571,0.7324857142857143,0.6713714285714286,0.6689285714285714,0.7018714285714286
Valentine columns,F1,,0.5326,0.6141,0.6454,0.6378,0.6115
Valentine columns,MRR,,0.7661,0.856,0.879,0.89,0.875
NELL $\to$ DBpedia,MRR,0.9357901230462029,0.9307266875198332,0.9756041951664386,0.9825581395348837,0.9883720930232558,0.9844961240310077
YAGO $\to$ Wikidata,MRR,0.8994762681495089,0.8596274255030958,0.9617516482648063,0.9096432177037304,0.925204630412406,0.957593201754386
MultiFarm zh $\to$ en,MRR,0.22964880007264854,0.6496531393000071,0.7535072585360411,0.7161872489307912,0.7150773868954228,0.7425165208343794
MultiFarm ru $\to$ en,MRR,0.23372588619480875,0.6440662662102332,0.7646999237216785,0.7179037877645849,0.7154941090023587,0.7259864924933049
MultiFarm ar $\to$ en,MRR,0.23794629619966298,0.5950757050427814,0.7219138727478486,0.6695823926114215,0.681021651623099,0.7010286253921459
Bio-ML valid,MRR,0.7792027183610013,0.7006978615511188,0.8172087476582276,0.6112055657646912,0.617055852127987,0.6105583133651354
Bio-ML train,MRR,0.7890115344222284,0.7356484646220333,0.8154890208618418,0.636465453986466,0.6443046723995435,0.73959233680612
Anatomy,MRR,0.7337275380465599,0.8118238275253438,0.8856921940928203,0.7886741331887104,0.8099381631756584,0.8525323523591913
