task,metric,bge_m3,bge_m3_pc1,qwen3_emb_8b,qwen3_emb_8b_pc1,sae_idf
Lean 4 $\to$ Isabelle,MRR,0.9562,0.9319,0.9917,0.9952,0.9607
Lean 4 $\to$ Metamath,MRR,0.8192,0.5825,0.9719,0.9701,0.6612
Lean 4 $\to$ HOL Light,MRR,0.9666,0.967,0.9754,0.9813,0.898
"XLCoST, 7 languages",MRR,0.43758571428571436,0.45092857142857135,0.4400142857142857,0.4469571428571429,0.4643999999999999
"XLCoST, 7 languages",P@6,0.6713714285714286,0.7018714285714286,0.6838857142857142,0.7098285714285716,0.7324857142857143
Valentine columns,F1,0.6454,0.6115,0.6333,0.6094,0.6141
Valentine columns,MRR,0.879,0.875,0.8719,0.8471,0.856
NELL $\to$ DBpedia,MRR,0.9825581395348837,0.9844961240310077,0.9728682170542635,0.975452196382429,0.9756041951664386
YAGO $\to$ Wikidata,MRR,0.9096432177037304,0.957593201754386,0.9232713367867829,0.9570997807017545,0.9617516482648063
MultiFarm zh $\to$ en,MRR,0.7161872489307912,0.7425165208343794,0.7949343327974964,0.8094917856061674,0.7535072585360411
MultiFarm ru $\to$ en,MRR,0.7179037877645849,0.7259864924933049,0.780111207392979,0.7819884564182433,0.7646999237216785
MultiFarm ar $\to$ en,MRR,0.6695823926114215,0.7010286253921459,0.6900927068282416,0.6808570947523349,0.7219138727478486
Bio-ML valid,MRR,0.6112055657646912,0.6105583133651354,0.7387497249500985,0.7204980863692835,0.8172087476582276
Bio-ML train,MRR,0.636465453986466,0.73959233680612,0.7591781469772744,0.7951854976741908,0.8154890208618418
Anatomy,MRR,0.7886741331887104,0.8525323523591913,0.8961851083160961,0.925492871088993,0.8856921940928203
