task,method,pairs,median_n50,median_n80,rare,mid,common,topk_share,concept,surface,notation,generic
miniF2F Lean 4 → Isabelle,sae_mean,300,2.0,5.0,0.0214,0.1043,0.8743,0.8004,0.6458,0.0,0.3536,0.0006
miniF2F Lean 4 → Isabelle,sae_idf,300,21.0,146.5,0.3229,0.6474,0.0297,0.3035,0.4321,0.0668,0.4782,0.0228
miniF2F Lean 4 → Metamath,sae_mean,259,2.0,5.0,0.0124,0.081,0.9066,0.8101,0.6092,0.0,0.3898,0.0011
miniF2F Lean 4 → Metamath,sae_idf,259,15.0,88.0,0.3086,0.6679,0.0234,0.341,0.3867,0.0368,0.5532,0.0233
miniF2F Lean 4 → HOL Light,sae_mean,271,2.0,4.0,0.0105,0.0923,0.8972,0.8253,0.6181,0.0,0.3813,0.0007
miniF2F Lean 4 → HOL Light,sae_idf,271,17.0,137.0,0.303,0.6643,0.0327,0.3294,0.4649,0.0828,0.4381,0.0142
"XLCoST, Java to 6 languages",sae_mean,300,3.0,13.0,0.1319,0.0629,0.8052,0.6522,0.7066,0.0,0.2934,0.0
"XLCoST, Java to 6 languages",sae_idf,300,10.0,87.5,0.7477,0.2486,0.0037,0.4098,0.5142,0.1086,0.3539,0.0232
Common-KG NELL → DBpedia,sae_mean,124,2.0,9.0,0.3306,0.1094,0.5601,0.7215,0.5917,0.0121,0.3958,0.0004
Common-KG NELL → DBpedia,sae_idf,124,1.0,2.0,0.9361,0.0571,0.0068,0.9055,0.9367,0.0469,0.0108,0.0056
Common-KG YAGO → Wikidata,sae_mean,286,2.0,10.0,0.284,0.1181,0.5978,0.708,0.4827,0.0331,0.4811,0.0031
Common-KG YAGO → Wikidata,sae_idf,286,1.0,3.0,0.9272,0.0632,0.0096,0.8678,0.8689,0.1055,0.0182,0.0075
MultiFarm zh → en,sae_mean,162,2.0,8.0,0.1901,0.114,0.6959,0.7455,0.3317,0.0417,0.6198,0.0068
MultiFarm zh → en,sae_idf,162,1.0,4.0,0.8738,0.1044,0.0218,0.8239,0.6934,0.2552,0.0148,0.0366
MultiFarm ru → en,sae_mean,163,2.0,7.0,0.1833,0.1099,0.7069,0.7663,0.2921,0.0339,0.67,0.004
MultiFarm ru → en,sae_idf,163,1.0,4.0,0.8805,0.1017,0.0179,0.8392,0.7155,0.2364,0.0161,0.032
MultiFarm ar → en,sae_mean,150,2.0,7.0,0.1655,0.1052,0.7293,0.7726,0.2913,0.023,0.6788,0.0069
MultiFarm ar → en,sae_idf,150,2.0,4.0,0.8749,0.1065,0.0187,0.8136,0.7118,0.2393,0.0125,0.0364
"Valentine, whole column",sae_mean,300,2.0,4.0,0.0295,0.0883,0.8823,0.8281,0.6952,0.0001,0.3044,0.0004
"Valentine, whole column",sae_idf,300,10.0,54.0,0.4942,0.4429,0.0629,0.3934,0.7875,0.0425,0.1314,0.0385
