task,metric,strings,gemma_dense,gemma_idf,llama_dense,llama_pc1,llama_mean,llama_idf
Lean 4 $\to$ Isabelle,MRR,0.8246411487234546,0.9123,0.9607,0.9423,0.9442,0.9417,0.9762
Lean 4 $\to$ Metamath,MRR,0.6148633680687239,0.2097,0.6612,0.6463,0.6373,0.6754,0.7872
Lean 4 $\to$ HOL Light,MRR,0.7407542049915433,0.5388,0.898,0.6033,0.6991,0.6106,0.9063
"XLCoST, 7 languages",MRR,0.4680142857142857,0.4536571428571428,0.4643999999999999,0.45057142857142857,0.4473428571428571,0.44761428571428574,0.4424571428571428
"XLCoST, 7 languages",P@6,0.7446428571428572,0.6795428571428571,0.7324857142857143,0.6410714285714286,0.6480428571428573,0.6341714285714285,0.6567
Valentine columns,F1,,0.5326,0.6141,0.588,0.5792,0.5915,0.625
Valentine columns,MRR,,0.7661,0.856,0.7864,0.8108,0.7603,0.8615
NELL $\to$ DBpedia,MRR,0.9357901230462029,0.9307266875198332,0.9756041951664386,0.9487678830276675,0.9598191214470285,0.9303476282834414,0.9577723378212973
YAGO $\to$ Wikidata,MRR,0.8994762681495089,0.8596274255030958,0.9617516482648063,0.8885443254037647,0.9439719682729549,0.915469386223265,0.9444298900699831
MultiFarm zh $\to$ en,MRR,0.22964880007264854,0.6496531393000071,0.7535072585360411,0.6587417132043759,0.7794259027219462,0.5854121719669435,0.7870863197268212
MultiFarm ru $\to$ en,MRR,0.23372588619480875,0.6440662662102332,0.7646999237216785,0.6614550508139848,0.7505629996357872,0.6156557400429837,0.7261146859526191
MultiFarm ar $\to$ en,MRR,0.23794629619966298,0.5950757050427814,0.7219138727478486,0.577530797021386,0.6694187369992499,0.4683658886089891,0.6719173222160955
