task,metric,dense,random_unweighted,random_idf,sae_unweighted,sae_idf
Lean 4 $\to$ Isabelle,MRR,0.9123,0.8446,0.8646,0.8824,0.9607
Lean 4 $\to$ Metamath,MRR,0.2097,0.1564,0.1457,0.095,0.6612
Lean 4 $\to$ HOL Light,MRR,0.5388,0.484,0.349,0.4933,0.898
"XLCoST, 7 languages",MRR,0.4536571428571428,0.42899999999999994,0.4169142857142857,0.4494285714285714,0.4643999999999999
"XLCoST, 7 languages",P@6,0.6795428571428571,0.6066857142857142,0.6266571428571428,0.6731999999999999,0.7324857142857143
Valentine columns,F1,0.5326,0.46,0.4819,0.4577,0.6141
Valentine columns,MRR,0.7661,0.6537,0.6475,0.6848,0.856
NELL $\to$ DBpedia,MRR,0.9307266875198332,0.9006415712993787,0.9009130255965161,0.9377766958159901,0.9756041951664386
YAGO $\to$ Wikidata,MRR,0.8596274255030958,0.7967480894901311,0.7969795901776897,0.8720322580556711,0.9617516482648063
MultiFarm zh $\to$ en,MRR,0.6496531393000071,0.4817974817127838,0.5327514730103198,0.4035625216431852,0.7535072585360411
MultiFarm ru $\to$ en,MRR,0.6440662662102332,0.4484592512564436,0.5422437669884543,0.2517957871381113,0.7646999237216785
MultiFarm ar $\to$ en,MRR,0.5950757050427814,0.36752404738722183,0.4246693123812879,0.22467852836359242,0.7219138727478486
Bio-ML valid,MRR,0.7006978615511188,0.6802157569169371,0.6916868962498989,0.6964763770121908,0.8172087476582276
Bio-ML train,MRR,0.7356484646220333,0.6925306340837794,0.7105650252184723,0.7364740564139445,0.8154890208618418
Anatomy,MRR,0.8118238275253438,0.7914759050031261,0.7875767431565364,0.801130667050856,0.8856921940928203
