task,seed,dense,dense_pc1,sae_mean,sae_idf
NELL->DBpedia,0,0.9307266875198332,0.957341151527198,0.9377766958159901,0.9756041951664386
NELL->DBpedia,1,0.9348663287616776,0.9534268102030732,0.9290215078279374,0.9756072351421188
NELL->DBpedia,2,0.93439068071871,0.9526634863844166,0.9297777526177375,0.9756012721129
NELL->DBpedia,3,0.9343379021083773,0.9507872582180633,0.934146088736052,0.9756041951664386
YAGO->Wikidata,0,0.8596274255030958,0.9316479980388417,0.8720322580556711,0.9617516482648063
YAGO->Wikidata,1,0.8609686669127242,0.9315239803026265,0.874883014913069,0.9604165531582581
YAGO->Wikidata,2,0.8618728796954611,0.9353658303779868,0.8753796816247539,0.9584710250919211
YAGO->Wikidata,3,0.8616283613739971,0.9302172927584108,0.8736510999627249,0.95850147451337
Valentine (F1),42,0.5326,0.5338,0.4577,0.6141
Valentine (F1),7,0.5365,0.5322,0.4588,0.6128
Valentine (F1),13,0.5364,0.5375,0.4607,0.6145
Valentine (MRR),42,0.7661,0.7607,0.6848,0.856
Valentine (MRR),7,0.7688,0.7625,0.684,0.8594
Valentine (MRR),13,0.7677,0.7615,0.6877,0.8555
