section,row,comparison,n,sae_idf,other,diff,ci_lo,ci_hi,p_boot,wins,losses,ties
S1,Lean 4 $\to$ Isabelle,random + idf,483,0.9607,0.8646,0.0961,0.0684,0.1245,0.0000,73,19,391
S1,Lean 4 $\to$ Isabelle,"random, unweighted",483,0.9607,0.8446,0.1161,0.0882,0.1455,0.0000,83,13,387
S2,Lean 4 $\to$ Isabelle,pc36,483,0.9607,0.9281,0.0326,0.0138,0.0523,0.0003,42,16,425
S2,Lean 4 $\to$ Isabelle,zscore,483,0.9607,0.9418,0.0189,0.0008,0.0379,0.0204,34,17,432
S2,Lean 4 $\to$ Isabelle,zca,483,0.9607,0.9456,0.0151,-0.0017,0.0325,0.0408,28,17,438
S2,Lean 4 $\to$ Isabelle,dense_idf,483,0.9607,0.9419,0.0188,0.0009,0.0372,0.0204,34,18,431
S2,Lean 4 $\to$ Isabelle,dense_topk_idf,483,0.9607,0.9136,0.0471,0.0265,0.0691,0.0000,54,18,411
S1,Lean 4 $\to$ Metamath,random + idf,482,0.6612,0.1457,0.5156,0.4765,0.5551,0.0000,406,23,53
S1,Lean 4 $\to$ Metamath,"random, unweighted",482,0.6612,0.1564,0.5048,0.4661,0.5432,0.0000,410,22,50
S2,Lean 4 $\to$ Metamath,pc36,482,0.6612,0.4008,0.2604,0.2249,0.2970,0.0000,284,50,148
S2,Lean 4 $\to$ Metamath,zscore,482,0.6612,0.2572,0.4040,0.3685,0.4392,0.0000,371,13,98
S2,Lean 4 $\to$ Metamath,zca,482,0.6612,0.4649,0.1964,0.1628,0.2302,0.0000,255,52,175
S2,Lean 4 $\to$ Metamath,dense_idf,482,0.6612,0.2513,0.4099,0.3745,0.4456,0.0000,378,13,91
S2,Lean 4 $\to$ Metamath,dense_topk_idf,482,0.6612,0.2349,0.4264,0.3916,0.4614,0.0000,391,14,77
S1,Lean 4 $\to$ HOL Light,random + idf,317,0.8980,0.3490,0.5490,0.4996,0.5965,0.0000,216,5,96
S1,Lean 4 $\to$ HOL Light,"random, unweighted",317,0.8980,0.4840,0.4140,0.3671,0.4609,0.0000,183,9,125
S2,Lean 4 $\to$ HOL Light,pc36,317,0.8980,0.7279,0.1700,0.1327,0.2079,0.0000,98,8,211
S2,Lean 4 $\to$ HOL Light,zscore,317,0.8980,0.7065,0.1915,0.1542,0.2304,0.0000,105,12,200
S2,Lean 4 $\to$ HOL Light,zca,317,0.8980,0.7858,0.1122,0.0802,0.1447,0.0000,79,11,227
S2,Lean 4 $\to$ HOL Light,dense_idf,317,0.8980,0.7062,0.1918,0.1539,0.2309,0.0000,105,12,200
S2,Lean 4 $\to$ HOL Light,dense_topk_idf,317,0.8980,0.6054,0.2925,0.2505,0.3355,0.0000,147,10,160
S1,XLCoST Java,random + idf,3918,0.4801,0.4204,0.0597,0.0560,0.0634,0.0000,1723,637,1558
S1,XLCoST Java,"random, unweighted",3918,0.4801,0.4669,0.0132,0.0107,0.0158,0.0000,1344,1043,1531
S2,XLCoST Java,pc36,3918,0.9936,0.4891,0.5045,0.4952,0.5139,0.0000,3006,4,908
S2,XLCoST Java,zscore,3918,0.9936,0.4603,0.5333,0.5234,0.5433,0.0000,3008,3,907
S2,XLCoST Java,zca,3918,0.9936,0.4629,0.5307,0.5206,0.5408,0.0000,3008,2,908
S2,XLCoST Java,dense_idf,3918,0.9936,0.4603,0.5333,0.5233,0.5434,0.0000,3008,3,907
S2,XLCoST Java,dense_topk_idf,3918,0.9936,0.4665,0.5272,0.5175,0.5371,0.0000,3009,3,906
S1,XLCoST Cpp,random + idf,3895,0.4780,0.3170,0.1611,0.1549,0.1673,0.0000,2322,297,1276
S1,XLCoST Cpp,"random, unweighted",3895,0.4780,0.3866,0.0915,0.0867,0.0965,0.0000,1983,454,1458
S2,XLCoST Cpp,pc36,3895,0.9854,0.4826,0.5029,0.4931,0.5121,0.0000,2987,14,894
S2,XLCoST Cpp,zscore,3895,0.9854,0.4772,0.5082,0.4982,0.5180,0.0000,2974,22,899
S2,XLCoST Cpp,zca,3895,0.9854,0.4720,0.5134,0.5033,0.5236,0.0000,2985,13,897
S2,XLCoST Cpp,dense_idf,3895,0.9854,0.4772,0.5083,0.4986,0.5179,0.0000,2974,22,899
S2,XLCoST Cpp,dense_topk_idf,3895,0.9854,0.4755,0.5100,0.5001,0.5197,0.0000,2982,20,893
S1,XLCoST Python,random + idf,3853,0.4851,0.4709,0.0142,0.0125,0.0158,0.0000,818,386,2649
S1,XLCoST Python,"random, unweighted",3853,0.4851,0.4719,0.0131,0.0115,0.0148,0.0000,917,317,2619
S2,XLCoST Python,pc36,3853,0.9911,0.4831,0.5080,0.4984,0.5173,0.0000,2972,6,875
S2,XLCoST Python,zscore,3853,0.9911,0.4774,0.5138,0.5041,0.5231,0.0000,2971,6,876
S2,XLCoST Python,zca,3853,0.9911,0.4047,0.5864,0.5753,0.5973,0.0000,3007,6,840
S2,XLCoST Python,dense_idf,3853,0.9911,0.4771,0.5140,0.5046,0.5237,0.0000,2971,6,876
S2,XLCoST Python,dense_topk_idf,3853,0.9911,0.4417,0.5495,0.5395,0.5596,0.0000,3030,6,817
S1,XLCoST Csharp,random + idf,3898,0.4792,0.4789,0.0003,-0.0015,0.0021,0.3665,893,987,2018
S1,XLCoST Csharp,"random, unweighted",3898,0.4792,0.4831,-0.0040,-0.0056,-0.0023,1.0000,1201,1191,1506
S2,XLCoST Csharp,pc36,3898,0.9939,0.4878,0.5060,0.4967,0.5155,0.0000,2998,3,897
S2,XLCoST Csharp,zscore,3898,0.9939,0.4586,0.5353,0.5253,0.5454,0.0000,3004,2,892
S2,XLCoST Csharp,zca,3898,0.9939,0.4620,0.5319,0.5218,0.5419,0.0000,2999,4,895
S2,XLCoST Csharp,dense_idf,3898,0.9939,0.4586,0.5353,0.5250,0.5454,0.0000,3004,2,892
S2,XLCoST Csharp,dense_topk_idf,3898,0.9939,0.4642,0.5296,0.5197,0.5395,0.0000,3002,1,895
S1,XLCoST Javascript,random + idf,3851,0.4816,0.4697,0.0119,0.0094,0.0145,0.0000,523,704,2624
S1,XLCoST Javascript,"random, unweighted",3851,0.4816,0.4783,0.0033,0.0014,0.0052,0.0002,748,756,2347
S2,XLCoST Javascript,pc36,3851,0.9903,0.4881,0.5021,0.4925,0.5116,0.0000,2957,16,878
S2,XLCoST Javascript,zscore,3851,0.9903,0.4790,0.5113,0.5015,0.5208,0.0000,2969,13,869
S2,XLCoST Javascript,zca,3851,0.9903,0.4808,0.5095,0.4999,0.5191,0.0000,2961,14,876
S2,XLCoST Javascript,dense_idf,3851,0.9903,0.4790,0.5113,0.5017,0.5209,0.0000,2968,13,870
S2,XLCoST Javascript,dense_topk_idf,3851,0.9903,0.4777,0.5125,0.5026,0.5224,0.0000,2973,10,868
S1,XLCoST PHP,random + idf,1566,0.4421,0.4259,0.0161,0.0134,0.0191,0.0000,382,176,1008
S1,XLCoST PHP,"random, unweighted",1566,0.4421,0.4215,0.0206,0.0173,0.0241,0.0000,694,253,619
S2,XLCoST PHP,pc36,1566,0.9881,0.4442,0.5438,0.5292,0.5584,0.0000,1256,5,305
S2,XLCoST PHP,zscore,1566,0.9881,0.4374,0.5506,0.5355,0.5653,0.0000,1255,5,306
S2,XLCoST PHP,zca,1566,0.9881,0.3880,0.6000,0.5832,0.6173,0.0000,1263,2,301
S2,XLCoST PHP,dense_idf,1566,0.9881,0.4373,0.5508,0.5359,0.5659,0.0000,1255,5,306
S2,XLCoST PHP,dense_topk_idf,1566,0.9881,0.4352,0.5529,0.5379,0.5678,0.0000,1258,5,303
S1,XLCoST C,random + idf,283,0.4048,0.3356,0.0692,0.0594,0.0795,0.0000,184,10,89
S1,XLCoST C,"random, unweighted",283,0.4048,0.2948,0.1100,0.0990,0.1216,0.0000,218,6,59
S2,XLCoST C,pc36,283,0.9788,0.3156,0.6632,0.6246,0.7005,0.0000,239,0,44
S2,XLCoST C,zscore,283,0.9788,0.3935,0.5853,0.5492,0.6203,0.0000,232,0,51
S2,XLCoST C,zca,283,0.9788,0.2825,0.6963,0.6546,0.7376,0.0000,235,1,47
S2,XLCoST C,dense_idf,283,0.9788,0.3940,0.5848,0.5492,0.6196,0.0000,232,0,51
S2,XLCoST C,dense_topk_idf,283,0.9788,0.3974,0.5814,0.5461,0.6161,0.0000,232,0,51
S1,NELL $\to$ DBpedia,random + idf,129,0.9756,0.9009,0.0747,0.0324,0.1208,0.0001,17,4,108
S1,NELL $\to$ DBpedia,"random, unweighted",129,0.9756,0.9006,0.0750,0.0320,0.1226,0.0001,15,5,109
S2,NELL $\to$ DBpedia,pc36,129,0.9756,0.9731,0.0025,-0.0155,0.0194,0.4370,3,4,122
S2,NELL $\to$ DBpedia,zscore,129,0.9756,0.9230,0.0526,0.0151,0.0942,0.0033,13,4,112
S2,NELL $\to$ DBpedia,zca,129,0.9756,0.9891,-0.0135,-0.0329,0.0033,0.9520,1,5,123
S2,NELL $\to$ DBpedia,dense_idf,129,0.9756,0.9229,0.0527,0.0163,0.0943,0.0017,13,4,112
S2,NELL $\to$ DBpedia,dense_topk_idf,129,0.9756,0.9245,0.0511,0.0083,0.0966,0.0085,13,5,111
S1,YAGO $\to$ Wikidata,random + idf,304,0.9618,0.7970,0.1648,0.1264,0.2042,0.0000,73,6,225
S1,YAGO $\to$ Wikidata,"random, unweighted",304,0.9618,0.7967,0.1650,0.1261,0.2064,0.0000,70,5,229
S2,YAGO $\to$ Wikidata,pc36,304,0.9618,0.9566,0.0051,-0.0125,0.0233,0.2832,11,10,283
S2,YAGO $\to$ Wikidata,zscore,304,0.9618,0.8140,0.1478,0.1097,0.1876,0.0000,66,10,228
S2,YAGO $\to$ Wikidata,zca,304,0.9618,0.9643,-0.0025,-0.0178,0.0125,0.6308,9,11,284
S2,YAGO $\to$ Wikidata,dense_idf,304,0.9618,0.8120,0.1498,0.1113,0.1897,0.0000,66,10,228
S2,YAGO $\to$ Wikidata,dense_topk_idf,304,0.9618,0.8465,0.1153,0.0807,0.1512,0.0000,56,8,240
S1,MultiFarm zh $\to$ en,random + idf,246,0.7535,0.5328,0.2208,0.1655,0.2743,0.0000,122,30,94
S1,MultiFarm zh $\to$ en,"random, unweighted",246,0.7535,0.4818,0.2717,0.2185,0.3269,0.0000,136,25,85
S2,MultiFarm zh $\to$ en,pc36,246,0.7535,0.2498,0.5037,0.4506,0.5569,0.0000,195,8,43
S2,MultiFarm zh $\to$ en,zscore,246,0.7535,0.7135,0.0400,0.0021,0.0775,0.0196,58,48,140
S2,MultiFarm zh $\to$ en,zca,246,0.7535,0.1359,0.6176,0.5641,0.6695,0.0000,219,7,20
S2,MultiFarm zh $\to$ en,dense_idf,246,0.7535,0.7099,0.0436,0.0059,0.0813,0.0119,59,47,140
S2,MultiFarm zh $\to$ en,dense_topk_idf,246,0.7535,0.5818,0.1717,0.1235,0.2213,0.0000,108,35,103
S1,MultiFarm ru $\to$ en,random + idf,246,0.7647,0.5422,0.2225,0.1696,0.2755,0.0000,119,27,100
S1,MultiFarm ru $\to$ en,"random, unweighted",246,0.7647,0.4485,0.3162,0.2613,0.3701,0.0000,147,22,77
S2,MultiFarm ru $\to$ en,pc36,246,0.7647,0.2589,0.5058,0.4491,0.5607,0.0000,185,12,49
S2,MultiFarm ru $\to$ en,zscore,246,0.7647,0.7127,0.0520,0.0131,0.0915,0.0039,65,35,146
S2,MultiFarm ru $\to$ en,zca,246,0.7647,0.1559,0.6088,0.5546,0.6621,0.0000,216,6,24
S2,MultiFarm ru $\to$ en,dense_idf,246,0.7647,0.7100,0.0547,0.0149,0.0941,0.0036,65,36,145
S2,MultiFarm ru $\to$ en,dense_topk_idf,246,0.7647,0.5823,0.1824,0.1354,0.2290,0.0000,109,28,109
S1,MultiFarm ar $\to$ en,random + idf,239,0.7219,0.4247,0.2972,0.2451,0.3513,0.0000,136,30,73
S1,MultiFarm ar $\to$ en,"random, unweighted",239,0.7219,0.3675,0.3544,0.3009,0.4099,0.0000,154,31,54
S2,MultiFarm ar $\to$ en,pc36,239,0.7219,0.2400,0.4819,0.4283,0.5347,0.0000,185,10,44
S2,MultiFarm ar $\to$ en,zscore,239,0.7219,0.6509,0.0710,0.0359,0.1076,0.0000,68,33,138
S2,MultiFarm ar $\to$ en,zca,239,0.7219,0.1696,0.5523,0.4980,0.6060,0.0000,198,9,32
S2,MultiFarm ar $\to$ en,dense_idf,239,0.7219,0.6444,0.0776,0.0419,0.1157,0.0000,70,34,135
S2,MultiFarm ar $\to$ en,dense_topk_idf,239,0.7219,0.5452,0.1767,0.1301,0.2228,0.0000,106,28,105
S1,Bio-ML valid,random + idf,634,0.8172,0.6917,0.1255,0.0995,0.1519,0.0000,186,64,384
S1,Bio-ML valid,"random, unweighted",634,0.8172,0.6802,0.1370,0.1114,0.1617,0.0000,198,58,378
S1,Bio-ML train,random + idf,3845,0.8155,0.7106,0.1049,0.0950,0.1148,0.0000,1079,397,2369
S1,Bio-ML train,"random, unweighted",3845,0.8155,0.6925,0.1230,0.1130,0.1332,0.0000,1189,332,2324
S1,Anatomy,random + idf,1516,0.8857,0.7876,0.0981,0.0827,0.1142,0.0000,371,103,1042
S1,Anatomy,"random, unweighted",1516,0.8857,0.7915,0.0942,0.0779,0.1105,0.0000,361,108,1047
S1,Valentine (F1),random + idf,551,0.6141,0.4819,0.1321,0.1182,0.1466,0.0000,394,106,51
S1,Valentine (F1),"random, unweighted",551,0.6141,0.4600,0.1541,0.1366,0.1718,0.0000,393,142,16
S2,Valentine (F1),pc36,551,0.6141,0.4684,0.1457,0.1301,0.1614,0.0000,393,132,26
S2,Valentine (F1),zscore,551,0.6141,0.4595,0.1546,0.1382,0.1709,0.0000,393,134,24
S2,Valentine (F1),zca,551,0.6141,0.4105,0.2036,0.1855,0.2216,0.0000,432,103,16
S2,Valentine (F1),dense_idf,551,0.6141,0.3994,0.2146,0.1959,0.2329,0.0000,433,103,15
S2,Valentine (F1),dense_topk_idf,551,0.6141,0.2082,0.4059,0.3849,0.4266,0.0000,516,21,14
S1,Valentine (MRR),random + idf,551,0.8560,0.6475,0.2085,0.1875,0.2308,0.0000,395,79,77
S1,Valentine (MRR),"random, unweighted",551,0.8560,0.6537,0.2023,0.1795,0.2259,0.0000,385,93,73
S2,Valentine (MRR),pc36,551,0.8560,0.5478,0.3082,0.2868,0.3293,0.0000,465,18,68
S2,Valentine (MRR),zscore,551,0.8560,0.5292,0.3268,0.3048,0.3489,0.0000,467,20,64
S2,Valentine (MRR),zca,551,0.8560,0.5035,0.3525,0.3315,0.3733,0.0000,467,7,77
S2,Valentine (MRR),dense_idf,551,0.8560,0.4849,0.3711,0.3505,0.3930,0.0000,471,6,74
S2,Valentine (MRR),dense_topk_idf,551,0.8560,0.3905,0.4655,0.4449,0.4853,0.0000,507,3,41
