task,metric,baseline,n,mean_a,mean_b,diff,ci_lo,ci_hi,p_boot,wins,losses,ties
Lean 4 $\to$ Isabelle,MRR,dense,483,0.9607016794229863,0.9122733318012648,0.04842834762172179,0.027290699854541724,0.07068836103395448,0.0,53,16,414
Lean 4 $\to$ Isabelle,MRR,dense_pc1,483,0.9607016794229863,0.9265476762683827,0.03415400315460384,0.014303343346034097,0.05480239395230448,0.0001,45,19,419
Lean 4 $\to$ Isabelle,MRR,sae_mean,483,0.9607016794229863,0.8823889361878324,0.07831274323515414,0.05404247649168921,0.10327270394146107,0.0,70,14,399
Lean 4 $\to$ Isabelle,MRR,strings,483,0.9607016794229863,0.8244963778355662,0.13620530158742036,0.10477545070937666,0.16849120613538585,0.0,100,22,361
Lean 4 $\to$ Metamath,MRR,dense,482,0.6612228821042894,0.20974405567655013,0.4514788264277393,0.4177396176740377,0.4852896582423408,0.0,406,8,68
Lean 4 $\to$ Metamath,MRR,dense_pc1,482,0.6612228821042894,0.15117812370085326,0.5100447584034361,0.4747362507072209,0.5457902166394633,0.0,424,4,54
Lean 4 $\to$ Metamath,MRR,sae_mean,482,0.6612228821042894,0.09500908048457703,0.5662138016197124,0.531039148088607,0.6013010656214097,0.0,449,8,25
Lean 4 $\to$ Metamath,MRR,strings,482,0.6612228821042894,0.6147248726166693,0.046498009487620146,0.002454113897209738,0.08972885305656497,0.0194,177,133,172
Lean 4 $\to$ HOL Light,MRR,dense,317,0.8979774691157191,0.5387596269526284,0.3592178421630906,0.3145523907968606,0.4048670364060901,0.0,167,8,142
Lean 4 $\to$ HOL Light,MRR,dense_pc1,317,0.8979774691157191,0.5311967859187018,0.36678068319701723,0.32181610843398084,0.41192230418603354,0.0,170,3,144
Lean 4 $\to$ HOL Light,MRR,sae_mean,317,0.8979774691157191,0.49330443749646574,0.4046730316192532,0.35644002071020614,0.4520337297389894,0.0,182,8,127
Lean 4 $\to$ HOL Light,MRR,strings,317,0.8979774691157191,0.7406269745655568,0.15735049455016206,0.11367871100795449,0.19986719860399763,0.0,104,29,184
XLCoST Java,MRR,dense,3918,0.48011309750612485,0.4659221658040569,0.014190931702067963,0.012567888725058355,0.015845215679960778,0.0,2332,741,845
XLCoST Java,MRR,dense_pc1,3918,0.48011309750612485,0.46560465738711787,0.014508440119006961,0.012875333845623551,0.01615989727758181,0.0,2296,679,943
XLCoST Java,MRR,sae_mean,3918,0.48011309750612485,0.45813873141583644,0.02197436609028844,0.020214791491464348,0.023740905539241863,0.0,2227,575,1116
XLCoST Java,MRR,strings,3918,0.48011309750612485,0.48484214716043483,-0.004729049654309995,-0.005624562822593839,-0.0038453805359827484,1.0,327,1035,2556
XLCoST C++,MRR,dense,3895,0.47804197256047737,0.4695591527795914,0.008482819780885968,0.0068934821438665075,0.010116803221008774,0.0,1918,549,1428
XLCoST C++,MRR,dense_pc1,3895,0.47804197256047737,0.4686053515620199,0.009436620998457521,0.007946569321145206,0.010934799545306103,0.0,1868,530,1497
XLCoST C++,MRR,sae_mean,3895,0.47804197256047737,0.4648613680144777,0.013180604545999626,0.011545475828472457,0.014861798085708908,0.0,1735,578,1582
XLCoST C++,MRR,strings,3895,0.47804197256047737,0.48591087752422335,-0.007868904963745925,-0.009296391590143298,-0.006474512031863716,1.0,253,1009,2633
XLCoST Python,MRR,dense,3853,0.4850526813207539,0.47430914065366064,0.010743540667093269,0.009350232873125154,0.01221084566274561,0.0,824,315,2714
XLCoST Python,MRR,dense_pc1,3853,0.4850526813207539,0.46778867259411466,0.01726400872663924,0.015651556133174777,0.018933898720526858,0.0,1027,278,2548
XLCoST Python,MRR,sae_mean,3853,0.4850526813207539,0.4705145789748256,0.014538102345928278,0.012967439139135268,0.016181143304963654,0.0,1027,387,2439
XLCoST Python,MRR,strings,3853,0.4850526813207539,0.48455679865805007,0.0004958826627038659,-0.0009949958128602175,0.0020043765317353354,0.2547,275,411,3167
XLCoST C\#,MRR,dense,3898,0.47918261156707237,0.4660666835887395,0.013115927978332909,0.011563843379672313,0.014636355471497078,0.0,2263,692,943
XLCoST C\#,MRR,dense_pc1,3898,0.47918261156707237,0.46617164348402634,0.013010968083046052,0.011506165855213324,0.014509293202330404,0.0,2158,693,1047
XLCoST C\#,MRR,sae_mean,3898,0.47918261156707237,0.45985535764278995,0.019327253924282382,0.017883561945572665,0.02080891663254083,0.0,2061,529,1308
XLCoST C\#,MRR,strings,3898,0.47918261156707237,0.4847534342193483,-0.005570822652275953,-0.006494172373628635,-0.004622630934224078,1.0,296,1013,2589
XLCoST JavaScript,MRR,dense,3851,0.48159022000832463,0.47517346835329083,0.006416751655033849,0.005314912227632994,0.0075112859574568884,0.0,1294,417,2140
XLCoST JavaScript,MRR,dense_pc1,3851,0.48159022000832463,0.4714172892429172,0.010172930765407408,0.008783942454637794,0.011601655921575455,0.0,1325,413,2113
XLCoST JavaScript,MRR,sae_mean,3851,0.48159022000832463,0.4685296849642604,0.013060535044064276,0.011430646147424435,0.014687474410180793,0.0,1346,456,2049
XLCoST JavaScript,MRR,strings,3851,0.48159022000832463,0.48672087849537815,-0.005130658487053483,-0.006400251527997445,-0.003889815435736929,1.0,220,682,2949
XLCoST PHP,MRR,dense,1566,0.44205778698369397,0.43232320149754877,0.009734585486145175,0.008395623796124817,0.011103197471487065,0.0,537,77,952
XLCoST PHP,MRR,dense_pc1,1566,0.44205778698369397,0.43248827602717316,0.009569510956520859,0.007915903574600966,0.011141205432674446,0.0,534,94,938
XLCoST PHP,MRR,sae_mean,1566,0.44205778698369397,0.43127449121058264,0.010783295773111323,0.009122235205750095,0.012574115286839332,0.0,573,113,880
XLCoST PHP,MRR,strings,1566,0.44205778698369397,0.44099477366837797,0.0010630133153159986,-0.0003286273665679669,0.00251686037522768,0.0665,199,185,1182
XLCoST C,MRR,dense,283,0.40484782198563113,0.392259253771933,0.012588568213698114,0.009467869487466495,0.015873667662920143,0.0,145,18,120
XLCoST C,MRR,dense_pc1,283,0.40484782198563113,0.39463409970477104,0.010213722280860078,0.0075119352493469,0.013128010608355119,0.0,128,29,126
XLCoST C,MRR,sae_mean,283,0.40484782198563113,0.39290659772108527,0.011941224264545813,0.007746157164553805,0.016419829418062627,0.0,105,46,132
XLCoST C,MRR,strings,283,0.40484782198563113,0.40854793662422006,-0.0037001146385889708,-0.008183825823167961,0.0004920560056316594,0.9577,57,72,154
Valentine (F1),F1,dense,551,0.6140785843920146,0.5326257713248638,0.08145281306715063,0.07415728675136116,0.08901674682395644,0.0,419,52,80
Valentine (F1),F1,dense_pc1,551,0.6140785843920146,0.5338078039927405,0.08027078039927404,0.07169164246823956,0.08883885208711431,0.0,394,67,90
Valentine (F1),F1,sae_mean,551,0.6140785843920146,0.45771433756805807,0.15636424682395644,0.14462639292196006,0.16814754990925593,0.0,485,32,34
Valentine (MRR),MRR,dense,551,0.8560125226860255,0.7661030852994555,0.08990943738656987,0.07502838021778584,0.10516941923774956,0.0,361,52,138
Valentine (MRR),MRR,dense_pc1,551,0.8560125226860255,0.760689110707804,0.09532341197822142,0.08216812159709617,0.10861110707803992,0.0,335,78,138
Valentine (MRR),MRR,sae_mean,551,0.8560125226860255,0.6847747731397458,0.1712377495462795,0.15320368421052633,0.18949426950998186,0.0,412,27,112
NELL $\to$ DBpedia,MRR,dense,129,0.9756041951664386,0.9307266875198331,0.0448775076466055,0.010508182601205859,0.08148723810209517,0.0032,11,4,114
NELL $\to$ DBpedia,MRR,dense_pc1,129,0.9756041951664386,0.957341151527198,0.01826304363924063,-0.008719663576024725,0.047940138786582,0.1069,6,4,119
NELL $\to$ DBpedia,MRR,sae_mean,129,0.9756041951664386,0.9377766958159901,0.037827499350448546,0.009689922480620155,0.07057989875982469,0.0034,9,1,119
NELL $\to$ DBpedia,MRR,strings,129,0.9756041951664386,0.9357901230462029,0.039814072120235765,0.01361748676438178,0.07056168827128545,0.0002,8,1,120
YAGO $\to$ Wikidata,MRR,dense,304,0.9617516482648063,0.8596274255030956,0.10212422276171054,0.06996215700855693,0.13607629449328554,0.0,51,9,244
YAGO $\to$ Wikidata,MRR,dense_pc1,304,0.9617516482648063,0.9316479980388417,0.030103650225964385,0.006673184324795355,0.05435644602875113,0.0052,24,11,269
YAGO $\to$ Wikidata,MRR,sae_mean,304,0.9617516482648063,0.8720322580556715,0.08971939020913472,0.061186058667523725,0.12021083372172568,0.0,44,5,255
YAGO $\to$ Wikidata,MRR,strings,304,0.9617516482648063,0.8994762681495091,0.062275380115297235,0.03916574662173405,0.08728234195194773,0.0,38,2,264
MultiFarm zh $\to$ en,MRR,dense,246,0.7535072585360412,0.6496531393000071,0.10385411923603405,0.05807409524713334,0.15120130900556605,0.0,87,38,121
MultiFarm zh $\to$ en,MRR,dense_pc1,246,0.7535072585360412,0.7598689200392061,-0.006361661503164881,-0.040305265609460655,0.0281567809903952,0.6384,40,50,156
MultiFarm zh $\to$ en,MRR,sae_mean,246,0.7535072585360412,0.40356252164318507,0.34994473689285605,0.29627337004447774,0.4055953404107706,0.0,152,14,80
MultiFarm zh $\to$ en,MRR,strings,246,0.7535072585360412,0.229648800072648,0.5238584584633932,0.4674346838078442,0.5784588202556079,0.0,201,26,19
MultiFarm ru $\to$ en,MRR,dense,246,0.7646999237216784,0.6440662662102332,0.12063365751144513,0.0786391319752671,0.16214023392618293,0.0,88,26,132
MultiFarm ru $\to$ en,MRR,dense_pc1,246,0.7646999237216784,0.7505683156117253,0.014131608109952901,-0.017097603891744757,0.044610373045823985,0.1878,51,36,159
MultiFarm ru $\to$ en,MRR,sae_mean,246,0.7646999237216784,0.2517957871381112,0.5129041365835671,0.45431230344457235,0.5695205349140814,0.0,186,11,49
MultiFarm ru $\to$ en,MRR,strings,246,0.7646999237216784,0.23372588619480827,0.5309740375268701,0.4804735809277719,0.580714655443038,0.0,200,21,25
MultiFarm ar $\to$ en,MRR,dense,239,0.7219138727478485,0.5950757050427816,0.12683816770506695,0.08752462106438899,0.1680825887076106,0.0,85,27,127
MultiFarm ar $\to$ en,MRR,dense_pc1,239,0.7219138727478485,0.7024576626994505,0.019456210048397954,-0.01565354448813975,0.05442827490423073,0.1365,50,43,146
MultiFarm ar $\to$ en,MRR,sae_mean,239,0.7219138727478485,0.22467852836359237,0.49723534438425626,0.4421564819045013,0.550288085365686,0.0,192,7,40
MultiFarm ar $\to$ en,MRR,strings,239,0.7219138727478485,0.23794629619966254,0.483967576548186,0.4289843005777973,0.5385815038008522,0.0,181,30,28
Bio-ML valid,MRR,dense,634,0.8172087476582277,0.7006978615511189,0.11651088610710879,0.0935345174561565,0.14099820832647877,0.0,190,51,393
Bio-ML valid,MRR,dense_pc1,634,0.8172087476582277,0.7316322481586334,0.08557649949959428,0.06406526691899823,0.1074356256918582,0.0,157,63,414
Bio-ML valid,MRR,sae_mean,634,0.8172087476582277,0.6964763770121914,0.1207323706460363,0.09781938356159899,0.14331770503119784,0.0,191,51,392
Bio-ML valid,MRR,strings,634,0.8172087476582277,0.7792027183610017,0.03800602929722589,0.01697990945015129,0.05930839910210721,0.0002,130,59,445
Bio-ML train,MRR,dense,3845,0.8154890208618415,0.7356484646220331,0.07984055623980847,0.07106516440880535,0.08877066279760709,0.0,964,365,2516
Bio-ML train,MRR,dense_pc1,3845,0.8154890208618415,0.7583594049465621,0.057129615915279555,0.04879509038326869,0.0657639386270896,0.0,833,431,2581
Bio-ML train,MRR,sae_mean,3845,0.8154890208618415,0.7364740564139448,0.07901496444789675,0.0702404253630762,0.0876258710773385,0.0,971,344,2530
Bio-ML train,MRR,strings,3845,0.8154890208618415,0.7890115344222277,0.026477486439613947,0.018998781043223417,0.03408139587335048,0.0,739,346,2760
Anatomy,MRR,dense,1516,0.8856921940928203,0.8118238275253442,0.07386836656747617,0.06075774931790057,0.08703887202769027,0.0,312,95,1109
Anatomy,MRR,dense_pc1,1516,0.8856921940928203,0.8644453495773171,0.02124684451550321,0.009380574257385045,0.03320171782119959,0.0002,197,138,1181
Anatomy,MRR,sae_mean,1516,0.8856921940928203,0.8011306670508557,0.08456152704196462,0.07062771052170128,0.098284045885006,0.0,329,83,1104
Anatomy,MRR,strings,1516,0.8856921940928203,0.7337275380465598,0.15196465604626053,0.13679776398773572,0.16706343587363526,0.0,509,78,929
