task,config,layer,width,dense,dense_pc1,sae_mean,sae_idf
NELL->DBpedia,L10_w131k,10,131k,0.967312661498708,0.9705426356589146,0.9627045650301463,0.9794474259590539
NELL->DBpedia,L15_w131k,15,131k,0.9345050343045531,0.9534883720930232,0.9386098397726305,0.979486368190687
NELL->DBpedia,L20_w131k,20,131k,0.9307266875198332,0.957341151527198,0.933900726823742,0.9756041951664386
NELL->DBpedia,L20_w16k,20,16k,0.9307266875198332,0.957341151527198,0.9440218159846762,0.9642629649660476
NELL->DBpedia,L20_w1m,20,1m,0.9307266875198332,0.957341151527198,0.9096902259105778,0.9794896640826872
NELL->DBpedia,L20_w32k,20,32k,0.9307266875198332,0.957341151527198,0.9477866448796681,0.9704053617571059
NELL->DBpedia,L20_w524k,20,524k,0.9307266875198332,0.957341151527198,0.9121039669489281,0.9717484926787252
NELL->DBpedia,L20_w65k,20,65k,0.9307266875198332,0.957341151527198,0.9423405205682671,0.9781771200375851
NELL->DBpedia,L25_w131k,25,131k,0.9138304847607174,0.9442112772862126,0.9266611741502202,0.9756617082198478
NELL->DBpedia,L30_w131k,30,131k,0.9526642921991759,0.9598455485083391,0.9546388581272303,0.9628194085558427
NELL->DBpedia,L31_w131k,31,131k,0.9539968325414687,0.9599852344038389,0.9288572667322276,0.960727969348659
NELL->DBpedia,L35_w131k,35,131k,0.9321059431524548,0.9561584840654609,0.9320117355727819,0.9711455641688199
NELL->DBpedia,L40_w131k,40,131k,0.9060313555953091,0.9398901808785529,0.8797102308179394,0.9529191291222145
NELL->DBpedia,L5_w131k,5,131k,0.9626291989664082,0.963501291989664,0.9553229974160206,0.9755931407094197
NELL->DBpedia,L9_w131k,9,131k,0.969250645994832,0.9708010335917313,0.9699150978220744,0.9756617082198478
YAGO->Wikidata,L10_w131k,10,131k,0.9472889266850132,0.9635205802968959,0.9292581703427714,0.9636708959899748
YAGO->Wikidata,L15_w131k,15,131k,0.9029231845390394,0.9351446081975301,0.906647195953912,0.9533886800334169
YAGO->Wikidata,L20_w131k,20,131k,0.8597753362182682,0.9315004000909225,0.8742456035878472,0.9601725577293277
YAGO->Wikidata,L20_w16k,20,16k,0.8597753362182682,0.9315004000909225,0.868534871086367,0.9611241929552141
YAGO->Wikidata,L20_w1m,20,1m,0.8597753362182682,0.9315004000909225,0.8392071251309142,0.9472915300162142
YAGO->Wikidata,L20_w32k,20,32k,0.8597753362182682,0.9315004000909225,0.885829911556607,0.9528589466089464
YAGO->Wikidata,L20_w524k,20,524k,0.8597753362182682,0.9315004000909225,0.8679952336842536,0.9433378045208388
YAGO->Wikidata,L20_w65k,20,65k,0.8597753362182682,0.9315004000909225,0.9006039319480731,0.9546028403165624
YAGO->Wikidata,L25_w131k,25,131k,0.8129468471079346,0.8611086961327888,0.869275031543569,0.9503293745727955
YAGO->Wikidata,L30_w131k,30,131k,0.9275550599428746,0.9471914160401004,0.908795797534117,0.9388122728307084
YAGO->Wikidata,L31_w131k,31,131k,0.9244737393242131,0.9431331085065604,0.9058653575978214,0.9303038940517486
YAGO->Wikidata,L35_w131k,35,131k,0.9182612229223778,0.929367217625969,0.9027767863121708,0.9282162376543537
YAGO->Wikidata,L40_w131k,40,131k,0.895727760210275,0.919067525584795,0.8691590695282126,0.9231330456823874
YAGO->Wikidata,L5_w131k,5,131k,0.9436725084519956,0.9597836921850079,0.9293332434879817,0.954781158625731
YAGO->Wikidata,L9_w131k,9,131k,0.9556101138087696,0.961491910098212,0.9489743070960271,0.9614522417153994
MultiFarm,L10_w131k,10,131k,0.6829844423896171,0.7719427990575176,0.5337553253025433,0.7509182690699073
MultiFarm,L15_w131k,15,131k,0.6313464587072503,0.7611482864921338,0.457139762525077,0.7689756889924922
MultiFarm,L20_w131k,20,131k,0.6287113358100241,0.7377525060399712,0.29304452900266703,0.7453261403630344
MultiFarm,L20_w16k,20,16k,0.6287113358100241,0.7377525060399712,0.42158241586863915,0.754513386027187
MultiFarm,L20_w1m,20,1m,0.6287113358100241,0.7377525060399712,0.13902341457767564,0.7304365138321893
MultiFarm,L20_w32k,20,32k,0.6287113358100241,0.7377525060399712,0.3878937907329754,0.7586548573305391
MultiFarm,L20_w524k,20,524k,0.6287113358100241,0.7377525060399712,0.24968605984952133,0.7339523135592811
MultiFarm,L20_w65k,20,65k,0.6287113358100241,0.7377525060399712,0.3805912055663441,0.7743243807809729
MultiFarm,L25_w131k,25,131k,0.6150174065858257,0.7358445061914244,0.27128487720910616,0.7634265512563045
MultiFarm,L30_w131k,30,131k,0.5505086676482709,0.7638137805708131,0.3491385462603717,0.7314065375382118
MultiFarm,L31_w131k,31,131k,0.5244601185979255,0.7521315062294622,0.35930212820400503,0.6904117686347914
MultiFarm,L35_w131k,35,131k,0.4532389319807912,0.7153551729870902,0.3677421045289688,0.7039870764861482
MultiFarm,L40_w131k,40,131k,0.406676514134465,0.6157259313975879,0.5485952684922769,0.6826906413923153
MultiFarm,L5_w131k,5,131k,0.6194112636337169,0.7577522697623653,0.5127689237438177,0.7324386906816122
MultiFarm,L9_w131k,9,131k,0.6722812982482959,0.7821182809517465,0.5452060235260628,0.7482936761796126
